{
    "testInput": {
        "startVelocity": [
            23.276332946789104, 
            -0.969847206116242
        ], 
        "targetPoint": [
            69.39694412232424, 
            -289.4465221406743
        ], 
        "startPoint": [
            -1724.8203871926682, 
            -1492.0570577247772
        ], 
        "velocityOfTarget": [
            5.8190832366972725, 
            -9.698472061162125
        ]
    }, 
    "scenario": {
        "boundaryPoints": [], 
        "noFlyZones": [], 
        "wayPoints": [], 
        "startVelocity": [
            1.0, 
            1.0
        ], 
        "roads": [], 
        "startPoint": [
            5.0, 
            5.0
        ]
    }
}