{
    "obstacleInput": {
        "noFlyZones": [], 
        "boundaryPoints": []
    }, 
    "testInput": {
        "startVelocity": [
            3.731343283582092, 
            -0.12437810945273498
        ], 
        "targetPoint": [
            69.77611940298507, 
            90.54726368159204
        ], 
        "startPoint": [
            50.62189054726368, 
            58.70646766169154
        ], 
        "velocityOfTarget": [
            -3.980099502487562, 
            0.12437810945273498
        ]
    }, 
    "pathInput": null
}