{
    "obstacleInput": {
        "noFlyZones": [], 
        "boundaryPoints": []
    }, 
    "testInput": {
        "startVelocity": [
            2.114427860696516, 
            2.363184079601986
        ], 
        "targetPoint": [
            59.45273631840796, 
            66.16915422885572
        ], 
        "startPoint": [
            51.74129353233831, 
            68.90547263681592
        ], 
        "velocityOfTarget": [
            -1.1194029850746219, 
            0.12437810945274919
        ]
    }, 
    "pathInput": null
}