{
    "params": {
        "vertexHeuristicMultiplier": 1.25, 
        "waypointAcceptanceRadii": 120.0, 
        "maximumTime": 5000.0, 
        "nfzBufferWidth": 25.0, 
        "nfzTargetOffset": 50.0
    }, 
    "testScenario": {
        "startVelocity": [
            1.0, 
            1.0
        ], 
        "targetPoint": [
            95.0, 
            95.0
        ], 
        "startPoint": [
            5.0, 
            5.0
        ], 
        "velocityOfTarget": [
            0.0, 
            0.0
        ]
    }, 
    "scenario": {
        "boundaryPoints": [
            [
                -2938.637034532123, 
                1939.6944122324246
            ], 
            [
                3025.923283082582, 
                1939.6944122324246
            ], 
            [
                3045.320227204906, 
                -2783.461481553529
            ], 
            [
                -2909.5416183486363, 
                -2841.652313920502
            ]
        ], 
        "noFlyZones": [], 
        "wayPoints": [
            [
                -1881.503579865452, 
                1415.9769209296699
            ], 
            [
                -1338.3891444403728, 
                1396.5799768073455
            ], 
            [
                -727.3854045871591, 
                1406.278448868508
            ], 
            [
                -174.57249710091818, 
                1396.5799768073455
            ], 
            [
                397.637354507647, 
                1396.5799768073455
            ], 
            [
                969.8472061162123, 
                1415.9769209296699
            ], 
            [
                1619.6448342140745, 
                1396.5799768073455
            ], 
            [
                1648.7402503975607, 
                969.8472061162123
            ], 
            [
                911.6563737492395, 
                989.2441502385365
            ], 
            [
                339.4465221406743, 
                1018.3395664220228
            ], 
            [
                -436.43124275229553, 
                1037.736510544347
            ], 
            [
                -1183.2135914617788, 
                1057.1334546666712
            ], 
            [
                -1968.7898284159107, 
                1066.8319267278334
            ], 
            [
                -1978.488300477073, 
                669.1945722201864
            ], 
            [
                -1251.1028958899137, 
                678.8930442813486
            ], 
            [
                -523.7174913027545, 
                649.7976280978622
            ], 
            [
                155.17555297859394, 
                669.1945722201864
            ], 
            [
                960.1487340550501, 
                659.4961001590243
            ], 
            [
                1706.9310827645336, 
                630.400683975538
            ]
        ], 
        "startVelocity": [
            26.888388357858368, 
            1.9876218051143042
        ], 
        "dynamicNoFlyZones": [], 
        "roads": [], 
        "startPoint": [
            -2497.2057917798275, 
            1411.278448868508
        ]
    }, 
    "vehicle": {
        "acceleration": 8.0, 
        "maxSpeed": 44.7
    }
}